"married_woman","avg_wage","ano"
0,3337.54320237206,2024
1,3140.33490849604,2024
