"comercio","avg_wage","ano"
1,2841.71740745821,2024
NA,NA,2024
0,3423.31096431965,2024
