"white","avg_wage","ano"
0,2550.17556366427,2024
1,4291.40746133588,2024
