"industria","avg_wage","ano"
0,3313.03791467726,2024
NA,NA,2024
1,3353.64933073383,2024
