"nonwhite","avg_wage","ano"
1,2550.17556366427,2024
0,4291.40746133588,2024
