"rural","avg_wage","ano"
0,3471.88514893275,2024
1,1802.77112676833,2024
