"male","avg_wage","ano"
1,3619.1229989284,2024
0,2925.93123651095,2024
