"employer","avg_wage","ano"
0,3124.99527116636,2024
NA,NA,2024
1,7682.74049426622,2024
