"domestic_informal","avg_wage","ano"
0,3420.7421033844,2024
NA,NA,2024
1,1026.42923082032,2024
