"private_informal","avg_wage","ano"
0,3409.91560459595,2024
NA,NA,2024
1,2622.96241517116,2024
