"metropolitan","avg_wage","ano"
1,3998.721105032,2024
0,2810.83266974909,2024
