"transporte","avg_wage","ano"
0,3332.38725114503,2024
NA,NA,2024
1,3099.11019237639,2024
