"mother","avg_wage","ano"
0,3493.29871195469,2024
1,2913.7325274717,2024
