"public_service","avg_wage","ano"
0,3060.34525598576,2024
NA,NA,2024
1,5087.24597298647,2024
