"educ_saude","avg_wage","ano"
0,3154.85147945717,2024
NA,NA,2024
1,4346.19099429387,2024
