"private_formal","avg_wage","ano"
0,3431.45993374566,2024
NA,NA,2024
1,3151.59560998282,2024
