"self_employed","avg_wage","ano"
1,2766.11782355014,2024
NA,NA,2024
0,3504.22713194217,2024
