"construcao","avg_wage","ano"
0,3389.49575955033,2024
NA,NA,2024
1,2445.71463344002,2024
