"agricultura","avg_wage","ano"
0,3417.70196008668,2024
NA,NA,2024
1,1972.23960239591,2024
