"alojamento_alimentacao","avg_wage","ano"
0,3371.93447904086,2024
NA,NA,2024
1,2281.90823909071,2024
