"aux_familiar","avg_wage","ano"
0,3318.5837979262,2024
NA,NA,2024
1,1168.47406116779,2024
