"servios_profissionais","avg_wage","ano"
0,3099.02819016803,2024
NA,NA,2024
1,4736.62675480729,2024
