"servicos_pessoais_coletivos","avg_wage","ano"
0,3488.2394956746,2024
NA,NA,2024
1,1974.8260428792,2024
