"adm_publica","avg_wage","ano"
0,3187.75854884041,2024
NA,NA,2024
1,5724.33384620909,2024
