"categoria","avg_wage"
0,2.45354847663512
1,-0.281451608835164
