"categoria","avg_wage"
0,4.02950866911243
1,3.39892666962947
