"categoria","avg_wage"
0,0.568057841716354
1,1.19321900853454
