"categoria","avg_wage"
1,2.02658999138172
2,-0.977256542852482
3,1.45214774349285
4,1.42076131367393
5,0.209091258548764
