"categoria","avg_wage"
"14-24 anos",0.861432508056515
"25-39 anos",-0.0520905501484716
"40-59 anos",1.40756729962655
"60 anos ou mais",0.614036372609974
