"chefe_familia","avg_wage","ano"
1,3504.90419691784,2024
0,2774.91940658927,2024
