"metropolitan","avg_wage","ano"
1,3685.07154031735,2023
0,2496.43600255219,2023
