"region","avg_wage","ano"
1,2333.38571853595,2023
2,2053.28545596539,2023
3,3397.33254781749,2023
4,3261.55634795913,2023
5,3492.44058642813,2023
