"male","avg_wage","ano"
0,2638.99125010276,2024
1,3323.28299943954,2024
