"chefe_familia","avg_wage","ano"
1,3389.69108269023,2023
0,2667.43488659115,2023
