"region","avg_wage","ano"
1,2380.67387996813,2024
2,2033.21958950353,2024
3,3446.66683574957,2024
4,3307.89527877461,2024
5,3499.74297440436,2024
