"age_group","avg_wage","ano"
"25-39 anos",3022.06725377838,2023
"40-59 anos",3384.89805939516,2023
"60 anos ou mais",3472.0382602126,2023
"14-24 anos",1623.2235256616,2023
