"e_wg_white","e_wg_nonwhite","p_emp_white","p_emp_nonwhite","ano","trimestre"
7.80810192188476,7.22379700907295,0.944926562178959,0.905308829752413,2022,3
