"male","avg_wage","ano"
1,3284.09653532146,2023
0,2624.08492988525,2023
