"e_wg_white","e_wg_nonwhite","p_emp_white","p_emp_nonwhite","ano","trimestre"
7.76569182115136,7.19701713304388,0.928595267181225,0.878243207006436,2022,1
