"e_wg_white","e_wg_nonwhite","p_emp_white","p_emp_nonwhite","ano","trimestre"
7.83491556118284,7.23852644956785,0.950931433232083,2.24647383089497,2022,4
