"age_group","avg_wage","ano"
"60 anos ou mais",3493.35783800124,2024
"25-39 anos",3020.49304232003,2024
"40-59 anos",3432.5427776049,2024
"14-24 anos",1637.20650079007,2024
