"e_wg_white","e_wg_nonwhite","p_emp_white","p_emp_nonwhite","ano","trimestre"
7.88122511328881,7.28584764778699,0.949335287018531,0.912034649698647,2024,1
