"metropolitan","avg_wage","ano"
1,3674.6998471804,2024
0,2557.68727006298,2024
