"e_wg_white","e_wg_nonwhite","p_emp_white","p_emp_nonwhite","ano","trimestre"
7.83791769141666,7.25715707752448,0.949926627914097,0.906008779461126,2023,2
