"e_wg_white","e_wg_nonwhite","p_emp_white","p_emp_nonwhite","ano","trimestre"
7.85612931047389,7.27418869385823,0.951477922531238,0.920999742642415,2023,4
