"e_wg_white","e_wg_nonwhite","p_emp_white","p_emp_nonwhite","ano","trimestre"
7.82752506085867,7.27376101796708,0.944362061485887,0.901236821574103,2023,1
