"e_wg_white","e_wg_nonwhite","p_emp_white","p_emp_nonwhite","ano","trimestre"
7.77427747545058,7.18905671859004,0.941818821710143,0.899700440664106,2022,2
