"e_wg_white","e_wg_nonwhite","p_emp_white","p_emp_nonwhite","ano","trimestre"
7.84947947691868,7.26592900874873,0.951789308395821,0.912863286403089,2023,3
