gender_race,Ano_trimestre,t10,t5,t1,b10,b5,b1
Mulher Negra,2023T1,11.1878838019697,8.46475089835032,5.23318652898478,42.3214711312975,45.0202251320237,49.1791742175826
Homem Negro,2023T1,16.3520026600494,14.0099412064871,11.0081138056977,27.3274226632047,27.4356922450212,23.996704768722
Homem Branco,2023T1,41.6154528090478,46.459680578295,55.4622082455718,11.0748073358312,9.86160175568376,9.70502313904331
Mulher Branca,2023T1,30.844660728933,31.0656273168676,28.2964914197457,19.2762988696667,17.6824808672713,17.1190978746521
Mulher Negra,2024T1,11.1878838019697,8.46475089835032,5.23318652898478,42.3214711312975,45.0202251320237,49.1791742175826
Homem Negro,2024T1,16.3520026600494,14.0099412064871,11.0081138056977,27.3274226632047,27.4356922450212,23.996704768722
Homem Branco,2024T1,41.6154528090478,46.459680578295,55.4622082455718,11.0748073358312,9.86160175568376,9.70502313904331
Mulher Branca,2024T1,30.844660728933,31.0656273168676,28.2964914197457,19.2762988696667,17.6824808672713,17.1190978746521
